place,team,score,member name,member score
1,Infobahn,8734,,
,,,Infobahn,8734
2,0xfun,8237,,
,,,0x22,476
,,,0xfun,6152
,,,deadbeef,0
,,,MŒ±l¬£,0
,,,haind,915
,,,XxXJayXxX,694
,,,NJM,0
,,,DarkTar,0
,,,x03e_,0
,,,arch3rn4r,0
,,,cvestone,0
3,L3ak,8237,,
,,,L3ak,8237
4,MindCrafters,7801,,
,,,Kerszi,245
,,,null_byte,1101
,,,auxzae,0
,,,michalBB,0
,,,schwa,360
,,,umz,115
,,,Lazarus,50
,,,Grzechu,0
,,,kerip,1233
,,,Khadija Ijaz ,398
,,,Cappybara,50
,,,b3d1,501
,,,ppp45,436
,,,clev1L,1791
,,,JohnDoers,0
,,,Rez,0
,,,rvr,480
,,,zBlxst,878
,,,omar1337,163
5,valgrind,7760,,
,,,valgrind,5206
,,,kayzeen,403
,,,meisr,464
,,,stelin41,1123
,,,rethinkrubiks,564
,,,Tx1,0
6,RubiyaLab,6382,,
,,,RubiyaLab,4705
,,,ctrlisk,1677
7,NUS Greyhats,5499,,
,,,Cats,1464
,,,incog,381
,,,rat2libz,624
,,,TheMythologist,1212
,,,dxcv,1818
8,HCS,4165,,
,,,daffainfo,578
,,,Revvv,353
,,,mirai,639
,,,DJumanto,0
,,,Argonaut,464
,,,hanz,263
,,,Haalloobim,0
,,,miraicansleep,1868
,,,hoshinorevy,0
,,,gabil nay,0
,,,kiseki,0
,,,jjcho,0
,,,Lafcadio,0
,,,winter <3,0
,,,rootkids,0
,,,missing her smile,0
,,,spitfire,0
9,ADMinions,4027,,
,,,fsharp,2568
,,,serioton,1459
,,,pr0m0ly,0
10,vjl02174,3874,,
,,,vjl02174,3874
11,BKISC,3863,,
,,,BKISC,3863
12,jinmo123,3833,,
,,,jinmo123,3833
13,Ripe RIce,3509,,
,,,Ripe Rice,3509
14,Squid Proxy Lover,3441,,
,,,CH3COOH,0
,,,dudcom,0
,,,corgo,0
,,,spicydll,207
,,,lycontrixx,889
,,,vyra,1042
,,,h2so4,150
,,,Moron,0
,,,BraydenPikachu,404
,,,cryze,749
,,,Puru Jain,0
15,> r0/dev/null,3381,,
,,,Stefan,313
,,,budor,839
,,,tomadimitrie,1128
,,,INFERNOSALEX,531
,,,Mrbgd,207
,,,xseven,363
,,,siek1,0
,,,CShark3008,0
16,>$ 5ol0,3173,,
,,,meinuu,3173
17,TeamSerbia,3032,,
,,,JPaja,0
,,,jvvan,268
,,,manjaro,789
,,,lightwhisper,0
,,,Pseudoleon,1147
,,,refr4g,0
,,,tamp,678
,,,krsman,150
,,,k4lizen,0
,,,aleksav013,0
18,SNI,2983,,
,,,SNI,2983
,,,frennn,0
19,Weak But Leet,2762,,
,,,Weak But Leet,2762
20,Phish Paprikash,2654,,
,,,mj,50
,,,ltomic,611
,,,ipaljak,1719
,,,salter,274
21,spookies,2558,,
,,,zeosutt,2295
,,,homesentinel,263
22,flame,2544,,
,,,flame,2544
23,Hack Smarter,2286,,
,,,Zonkor,0
,,,grep_more_coffee,65
,,,revoltz,200
,,,F13ND,0
,,,amir_gz,0
,,,ziro00,1035
,,,dunc3,0
,,,Lights_Out,0
,,,gm0uf,207
,,,TomMartin,0
,,,rs8897,0
,,,ThatN00bTechie,0
,,,Velobobo,0
,,,khiz3r,0
,,,Knorrke,363
,,,(=‚òÖœâ‚òÖ=),0
,,,n00bosaurus,0
,,,Rishvaish,0
,,,kryptic,0
,,,0xkn1gh7,213
,,,megainu,50
,,,kscorpio,0
,,,SageD,0
,,,ubereepy,0
,,,Riles,0
,,,NTHR69,153
,,,Abana Norsy,0
,,,LeBleezy,0
,,,barrowbm,0
24,terkctf,2125,,
,,,terkctf,2125
25,JSoyke,2014,,
,,,JSoyke,2014
26,Status 418,1995,,
,,,Asaad,0
,,,kvasir,65
,,,Antios,207
,,,jjeeeeee,0
,,,willnohomo,0
,,,Potatonator,616
,,,ds_305,0
,,,lorg,150
,,,malcolm,544
,,,Ghosty1008,413
27,BITSkrieg,1956,,
,,,darthlazius,0
,,,Kronos,0
,,,d4y0n3,295
,,,Sengoku,0
,,,RagRocks,1301
,,,EronAt,0
,,,Metapod_04,360
,,,kekwman,0
,,,K27,0
,,,rskbansal,0
28,1click,1936,,
,,,Ibrahim,1936
,,,7,0
,,,wolfz,0
,,,ehe,0
,,,Dev3il,0
29,reCAPTCHA the Flag,1930,,
,,,nightxade,735
,,,Chara,466
,,,Spaghet,100
,,,quackers,564
,,,brew,65
,,,deciphr,0
,,,brew 2 cause i forgor,0
30,DVClutch,1850,,
,,,Mister M,398
,,,Earl,207
,,,Roman N.,0
,,,tacocat,50
,,,Toadio,0
,,,Alevar,0
,,,Aloys,0
,,,Pologin,65
,,,NivekS,153
,,,Atchoum,50
,,,Nil,0
,,,T0rtou1e,0
,,,Iced gob,50
,,,345y_Fl4g,526
,,,infarctus,0
,,,N4YT3,0
,,,Flozoui,351
31,ChaGU,1822,,
,,,ChaGU,716
,,,klondike,636
,,,Panda,470
,,,dodgy_camel,0
32,êéºêé†êé±êéπêé¢êé´êé†,1811,,
,,,êéºêé†êé±êéπêé¢êé´êé†,1811
33,Akasec,1786,,
,,,S0nG0ku,50
,,,d33znu75,749
,,,pengu,450
,,,M411K,0
,,,nyly,487
,,,hel-makh,0
,,,3dnan,50
34,M53,1719,,
,,,M53,1719
35,Mayas,1628,,
,,,Mayas,1628
,,,t1n00b,0
36,Hack@Sec,1581,,
,,,ElChals,639
,,,C15C01337,942
37,H7Tex,1578,,
,,,Abu,115
,,,Mrghost,0
,,,nh0k1tg3r12,749
,,,owatron,0
,,,Cook1e,200
,,,j0sh,464
,,,N1sh,0
,,,Shl,0
,,,PattuSai,50
38,FPTU Ethical Hackers Club,1574,,
,,,mahiru,163
,,,ehc,1411
,,,Chise,0
39,BlitzHack,1574,,
,,,ptr,323
,,,Raviel,313
,,,assist7x,0
,,,an0nbil,0
,,,shadowh,0
,,,5h1kh4r,328
,,,Praise,0
,,,tdeit,207
,,,ab,303
,,,Parse,0
,,,Vansh,0
,,,Inv1s1bl3,50
,,,R4VAN,0
,,,NI7H!N,50
,,,f0rk3b0mb,0
40,familiar maltese taxpayers,1547,,
,,,suchblue,303
,,,zilla,0
,,,Chloe,755
,,,fwfy,0
,,,amy,489
41,im_dragon,1528,,
,,,anhvuleduc,153
,,,Junchannn,1375
42,nendo,1527,,
,,,nendo,1527
43,Ynov Cyber Crew,1520,,
,,,bam,315
,,,coucou,0
,,,Reyko,0
,,,gmrw,907
,,,dryy,298
44,err:404-NameNotFound,1452,,
,,,Hauntlight,1195
,,,DeCiad,257
45,CyberCh1ck,1437,,
,,,fr4nk,1284
,,,Bui Phuoc,153
46,InfoOps ü¶Ö,1349,,
,,,rustybladez,65
,,,P.S.Y,0
,,,verysolidsnake,0
,,,z4syn,0
,,,Misplays,207
,,,blinkz,163
,,,soft,50
,,,allcaps,464
,,,vuno7,50
,,,cjmacsax,0
,,,Admiral SYN-ACKbar,150
,,,Midnight wannabe a pro crypto CTF player pleaseee,50
,,,TinF01lHat,0
,,,willi34,150
,,,q4sat,0
,,,conorarmstrong,0
47,FireShell,1348,,
,,,FireShell,1348
48,VN_MSEC,1337,,
,,,lwd3c,1337
,,,BMen,0
49,arnapawa,1313,,
,,,arnapawa,1313
50,Caliphal Hounds,1232,,
,,,Daysa,929
,,,nacabaro,0
,,,AtarixZ,303
,,,Alvar04,0
,,,naibu3,0
,,,kesero,0
51,t3Kn01sn0td3ad,1204,,
,,,nilscrls,1204
52,peko,1185,,
,,,maple3142,1185
53,souf6x,1180,,
,,,souf6x,1180
54,TAS.DihydroMonoxide,1167,,
,,,G·∫•uTohka,1117
,,,NotWQRY,50
,,,Sussy3k,0
,,,tazuu,0
55,EvilBunnyWrote,1103,,
,,,tiger,566
,,,kusok,537
56,tw0n3-bytes,1095,,
,,,neko_hat,278
,,,tr4ce,50
,,,gulgul,50
,,,paduck,717
57,Technipwn,1092,,
,,,natitati7028,789
,,,barr520,0
,,,OBL,0
,,,tomj,0
,,,gutter,50
,,,Nir391,153
,,,Elisha fros,0
,,,OK,50
,,,0m3g1,50
,,,ktb1800,0
,,,sdfgh,0
,,,Avia,0
58,TeamC8,1087,,
,,,TeamC8,1087
59,f4n_n3r0,1078,,
,,,t4t3012,715
,,,thonglam,363
,,,kywh1t3h4t,0
60,Wade,1058,,
,,,Wade,1058
61,setters,1047,,
,,,lolipop,1047
,,,gr007,0
62,TPC,1047,,
,,,Yu_212,1047
,,,KK4173,0
,,,rqda,0
63,SSM,1044,,
,,,SSM,265
,,,hollowcrust,616
,,,Yj,163
,,,EliteCollapseZ,0
,,,Poppet,0
,,,ZhongBob,0
,,,zjx,0
64,UVT-CTF,1038,,
,,,Mark,0
,,,Riki,0
,,,taniusca,100
,,,iSeeTheReaper,0
,,,MrProperCTF,888
,,,AmonRa,50
,,,taniuska2,0
65,Sudo Make Me a Sandwich,1008,,
,,,VivekJain,150
,,,maddy,0
,,,vanshdamania,115
,,,aaryan11x,0
,,,Vadapavhacker,0
,,,Ishayu,0
,,,harshaldulera,50
,,,VulnX,95
,,,Aparna,0
,,,timowolaar12,0
,,,cloner,598
,,,nina277a,0
,,,broisvoldemort,0
,,,dailybee13,0
,,,rudynotfound,0
66,PRKV,997,,
,,,parakavia,997
67,1nf1n1ty,979,,
,,,1nf1n1ty,979
68,Nightcrawler,970,,
,,,zenCipher,670
,,,PemburuSertif,50
,,,Ghoti_Kisruf,100
,,,huayraa,150
,,,Zkiel,0
,,,LilNippon,0
,,,Kenbro,0
,,,broKen,0
,,,arigatogojaimas,0
69,Davidpb,965,,
,,,Davidpb,965
70,Maple Bacon,956,,
,,,Maple Bacon,956
71,oo,939,,
,,,kuvee,639
,,,@@,300
,,,g1g4ch4d,0
72,ITMOteam,924,,
,,,nagornin,0
,,,revfer,0
,,,goida,50
,,,jmih,50
,,,NanzeRT,824
73,CaveiraGamingHD,921,,
,,,gafftheguardian,614
,,,vym,0
,,,nottoxic,257
,,,KoalaMan,0
,,,lans10,50
74,Pseudo Coders,905,,
,,,l4n73rn,200
,,,D4NGLZ,705
75,cyb3rsp4ce,894,,
,,,rjcyber,894
76,PwnProphecy,888,,
,,,PwnProphecy,888
77,kossiitkgp,870,,
,,,subzcuber,250
,,,shikharish,0
,,,bhole_chature,0
,,,gutlo_gemur,50
,,,invisibleHat,570
78,.hidden,842,,
,,,PineBel,0
,,,NotPingu,95
,,,R3MN3C,0
,,,sunbather,747
,,,zenbassi,0
79,ScriptSorcerers,841,,
,,,NoobMaster,438
,,,GreatTheConnor,403
80,Night Sentinels,835,,
,,,Deit,585
,,,canhieu2412,250
,,,5o1z,0
,,,toandep_27,0
,,,Alexsandra,0
81,0-Day Aarhus,832,,
,,,Cl1nical,0
,,,Sibech,153
,,,Luccas,215
,,,victorb,464
,,,BlazingWind,0
,,,sohail,0
82,upbhack,831,,
,,,Leoo,616
,,,ablu,0
,,,cucazer,215
83,BankarKodF√∂rGifflar,831,,
,,,phd in skibidi sigma,278
,,,b_,50
,,,findus,353
,,,35w7897895324,150
84,cipher22,810,,
,,,f.society22,453
,,,0m3r,0
,,,nezii,307
,,,chef12,50
,,,foolsheep,0
,,,regizorul,0
85,Dombusters,810,,
,,,SnowF0X,150
,,,Ch33s3M4n,0
,,,Alardiians,307
,,,strn,153
,,,zk,0
,,,st0rms3c,200
86,add,799,,
,,,DFDOT,0
,,,xiaoai,150
,,,gcker,649
87,M1tM,791,,
,,,x03e,791
88,VxPx,785,,
,,,johnnyjimjams,0
,,,aulyxs,535
,,,drgn,200
,,,roose,0
,,,CombatWorthyWombat,50
89,sTwoTut,780,,
,,,sTwoTut,780
,,,ulas,0
90,t1st,773,,
,,,t1st,773
91,HCST,759,,
,,,alex1337,759
92,Akuma,756,,
,,,sl1de,250
,,,lu77_u,0
,,,5h3nron,0
,,,throbbingduck,0
,,,B4tMite,228
,,,570rm,0
,,,Alexius,65
,,,Ravindra44,0
,,,DSG,50
,,,Manolol123,0
,,,avis,0
,,,D_pro,0
,,,tr4c3,0
,,,mrfa3i,163
,,,xbr,0
93,caseoh fan boy,749,,
,,,seventeen17,749
94,aespaFanClub,739,,
,,,Winter,195
,,,winky,0
,,,dvck13,0
,,,L1ttl3,0
,,,vani5hing,544
,,,KetSoSad,0
95,CyberSec McGill,725,,
,,,yun,0
,,,Nokcha0,100
,,,yxL05,65
,,,caln,560
96,dead beef,725,,
,,,Hacker,50
,,,Shzn,315
,,,jeffrey,360
97,UciTeam1,722,,
,,,D4nex,357
,,,s1s1fo,200
,,,UrKo,50
,,,daymar0304,115
98,Intrusion Illusion,722,,
,,,justOmar,50
,,,D3V10N,0
,,,Prankster,400
,,,Byte$l4y3r,65
,,,M4l4vi,207
,,,mickooo,0
,,,0xAl3aref,0
99,Astral,716,,
,,,Astral,313
,,,Ssor,353
,,,Ys,50
100,PunchClub,705,,
,,,crowd,0
,,,pigadoor,50
,,,mixinspace,655
,,,M0shp1t,0
101,503 Brain Unavailable,705,,
,,,SenzerKO,100
,,,LeternelDebutant,0
,,,NumaCii,0
,,,Kubow,0
,,,sampite,0
,,,Zohjin,605
102,PwnSec,681,,
,,,mrfa33i,313
,,,zAbuQasem,50
,,,P0peye,0
,,,Moha09,0
,,,TK757567,0
,,,Pain,165
,,,amoor22,0
,,,aelmo,153
,,,habema,0
,,,w3rty,0
,,,0xnef,0
,,,reguy,0
,,,Jo,0
103,CTFKINGS,681,,
,,,0xcybersoldier,100
,,,l41th_ALR3y4Hi,313
,,,"grep ""more_coffee""",268
104,0xInSec,678,,
,,,brezzy,628
,,,0xch13ckak,0
,,,0xEnokas,0
,,,iceeshadow,0
,,,bg,50
,,,H3ll00000,0
105,Huntik,676,,
,,,Dante Veil,463
,,,the.fosi,50
,,,kzb,163
,,,KingjamesIII,0
,,,z3u501,0
,,,DarK.GhosT,0
106,H4xor_Hunters,672,,
,,,0FF3NDE4_404,0
,,,Eslam,0
,,,dhan,0
,,,Batman,0
,,,Kidnapshadow,0
,,,souless_heart,0
,,,kr62,0
,,,4ssu,50
,,,redirected_501,0
,,,bhavana02,0
,,,Nithin096,422
,,,_mr.h4cker___,50
,,,CyberPrakash,0
,,,iski_01,0
,,,Abi,0
,,,A!Z3N,0
,,,Z4R4,0
,,,walder,150
,,,Riyad,0
,,,dkcyberz,0
107,ks,668,,
,,,devisean,268
,,,kcherise,400
108,banua,668,,
,,,banua,668
109,ForenSick,668,,
,,,Nektow,318
,,,kenoor,300
,,,tom.llinaresubertalli,50
,,,Gv6v$-N3tw0rk-Gh0st,0
,,,m0n0pr1x,0
110,IITBreachers,666,,
,,,DV,416
,,,RatanK,0
,,,AlmigtyMortal,150
,,,rennaMAhcuS,100
,,,anibal_hacker,0
,,,44YU5H,0
111,Sinister Script,663,,
,,,Void_Inject,0
,,,November,50
,,,Aura,150
,,,KnoWhtImSayn,50
,,,rollin,413
,,,snarl,0
,,,maine,0
,,,Cede555,0
112,bleeding.eye,660,,
,,,olympias,0
,,,EvoL,0
,,,MikeleIsCool,50
,,,Sh08,0
,,,Raz0r,0
,,,pustovoyt,100
,,,ofix,0
,,,Andrii,0
,,,Denzila,0
,,,Yevhen,0
,,,Mykyta,0
,,,BraZzo,357
,,,Oxilon,153
,,,Roman,0
,,,_LuckyMe_1,0
,,,Skam,0
,,,Koval,0
113,XxCerTiFied_YaPPerboyzXx,655,,
,,,zickk997,655
,,,Nyer007,0
114,CtrlShiftWinAltL,639,,
,,,nouxia,639
115,NEUQRO,639,,
,,,0xAkyOI,639
116,Team Pitruzilia,637,,
,,,yoav_s,363
,,,razivo,274
117,The Great Five,631,,
,,,GodaPWN,203
,,,Saqr,0
,,,Noda,0
,,,OxAlpha,378
,,,0xBanzeen,50
118,vow,620,,
,,,vow,213
,,,HakkaEason,50
,,,ivanwong13768,357
119,PwnTeras,620,,
,,,AOx0,0
,,,melulu,207
,,,LoloREIN,263
,,,KegoGomez,0
,,,miris,0
,,,f34th3rs,150
,,,Cruyo,0
,,,kindaSuck,0
120,Meteor dlc,616,,
,,,dzny,403
,,,willushow,213
,,,GuoguiSan,0
121,Thread in the Needle,614,,
,,,Babafaba,263
,,,Babafaba1,351
122,0xE0F,613,,
,,,9x14S,95
,,,x00byte,153
,,,Havel29,365
123,cat_loaf,610,,
,,,zofia,610
124,Jack of Jokers,610,,
,,,Sanskari Wolf,610
125,bquanman,599,,
,,,bquanman,599
126,M4shl3,599,,
,,,M4shl3,599
127,5h4d0wb10k3r,594,,
,,,yr81,594
128,Cryptonite,573,,
,,,lepnoxic,0
,,,Wixter_07,100
,,,lvert,228
,,,ravinesPlains,0
,,,AgentPWN,0
,,,spiderdrive,150
,,,crabsnk,95
,,,ic3d_lemon,0
,,,mrrobot404,0
129,N!GhtMaRe,573,,
,,,AbuAl3of,428
,,,SecOps,50
,,,braa_zaareer,95
130,lil till real,572,,
,,,lil till real,572
131,CP_Z3R0,568,,
,,,DontDoIt,150
,,,xtreme,303
,,,ax355,115
,,,lazarus0x1337,0
,,,xnor,0
,,,raqton,0
132,gigi,564,,
,,,ghir0,564
133,IHK-1,563,,
,,,IHK-1,563
134,DUCK DUCK PWN,548,,
,,,jessepinkman,0
,,,0xEL4NGO,50
,,,Exploit D. king,0
,,,ritheeshbs,0
,,,ByteButcherX,498
135,16j,544,,
,,,ylz,544
136,GhostInTheShell,544,,
,,,owne,0
,,,Asta,0
,,,Nemo,0
,,,25kGoldn,544
,,,bozo,0
137,HyperSpectrum,536,,
,,,ssongk,145
,,,MOSA,0
,,,solmin,0
,,,Easy2DJ,228
,,,xogjs,163
138,Ng00m4lDhuhr,528,,
,,,qlashx,0
,,,MM8,0
,,,Tamer,265
,,,QVNRU,50
,,,$4Y3D,0
,,,0xz!4d,50
,,,razor,163
,,,0x3AB2AR3N0,0
139,3r0th3r CC,528,,
,,,und34d,100
,,,Im4S4db0yB3c4us3Id0nTh4v3y0u,115
,,,thang,150
,,,x,163
,,,hellonewday312,0
,,,4nd1,0
140,ZZZZ,528,,
,,,LaylaChan,363
,,,jv04h,165
141,sessantanove,518,,
,,,rxndxm,115
,,,Sx4DoW,403
,,,NoraV,0
,,,Lyen,0
142,Schrodinger Bears,518,,
,,,saadbukhari,468
,,,huzaifamalik,0
,,,SstaWhiteHat,0
,,,empT,50
,,,SHIFU_,0
143,Bracken,518,,
,,,Bilaidi,0
,,,Glory,0
,,,3ARABI,153
,,,ObeidatXxbe,365
,,,ledawi,0
144,MuslimFromPK@wearehackerone.com,518,,
,,,MuslimFromPK,250
,,,x.two,218
,,,ali hamza,50
,,,owaisRafiq,0
145,buf!3rBr34ch3r$,515,,
,,,Niazi,250
,,,aryqman,265
,,,Dark_horse,0
146,TRX,513,,
,,,Titto,0
,,,witer33,0
,,,Erge,0
,,,r4yan,0
,,,palle.pallello,513
147,!Firmus,507,,
,,,ByeFun,50
,,,tanehao,250
,,,Kuwei,0
,,,Banana,0
,,,j4de,207
,,,eujin03,0
,,,null,0
148,lol so lost,507,,
,,,bandic00t,357
,,,Woob,150
,,,hackpaka,0
149,BroncoSec,503,,
,,,Shwhale,503
,,,walker,0
150,Kabilan S,497,,
,,,kabilan1290,497
151,ahpuh,497,,
,,,ahpuh,497
152,teddy roxiun duo run,491,,
,,,TheSavageTeddy,263
,,,a,228
,,,roxiun,0
153,v3rb0s1ty,488,,
,,,k3vg3n,0
,,,prl769,488
,,,andr0m3da,0
154,WindTeam,480,,
,,,Orel,480
,,,sajibu,0
155,–ë—É–ª—å–±–∞–∫–∞,478,,
,,,Fastyyy,428
,,,tr3ad0s,0
,,,elgatik,50
156,vb,476,,
,,,brocks,476
157,jt,476,,
,,,jt,476
158,CRYPTO,472,,
,,,Nithin96,472
,,,satya,0
159,ROn00bs,468,,
,,,pseudonym901,50
,,,Agni06_cs,0
,,,1u5t1n,65
,,,t1ma,203
,,,Silvian Constantinescu,150
,,,Dani,0
160,0n1yF14g5,468,,
,,,3XPL0173R,200
,,,F00d13_24,153
,,,Vexed,0
,,,J4So0S1,115
161,LUN4TICS,466,,
,,,loonatic,416
,,,Seven_1,50
,,,Tega5972,0
,,,Fang08,0
162,kinq,463,,
,,,hakkaniyetli,463
163,chill_guys,463,,
,,,chill_guy,463
164,Checkm4te_,463,,
,,,Checkm4te_,463
165,Glory Glory FPTU,460,,
,,,noname,0
,,,Aohk22,360
,,,RealFumo,0
,,,buidangduy05,100
166,Everest Climbers,453,,
,,,Flavien,403
,,,TonMereLePute,50
167,ashva,453,,
,,,ashva,453
168,BinaryOps,453,,
,,,wizardw0ody,150
,,,Shanzai,303
169,GSCC,453,,
,,,Oxamyt,0
,,,–ë–æ–≥–¥–∞–Ω,200
,,,napTizzaH,203
,,,Sofiia,0
,,,R8S8,0
,,,lwfdv,0
,,,Euthanasia,50
,,,ur4ik,0
,,,Misha9990,0
,,,talulahh,0
170,Chinchila,451,,
,,,Chinchila,451
171,0x000sd,450,,
,,,0vulns,200
,,,lucgryyyyy,250
,,,devillusifer4,0
,,,R3d_Hunt3r,0
172,blupper,436,,
,,,blupper,436
173,noob_chess_players,428,,
,,,suonortg,428
,,,zabib,0
174,HackNch!ll,423,,
,,,MrAlphaQ,423
175,Bit&Byte,418,,
,,,CryptoResistance,303
,,,aquila,115
,,,Mike,0
,,,Stoeger7,0
176,Wh@t1s0urN@me?,413,,
,,,UteNewbie,100
,,,Duyphuoc,0
,,,n0n$enSe!,313
177,RedHazzarTeam,413,,
,,,k10nex,313
,,,–ê,0
,,,d3m0n5c1l,0
,,,Ubertech,0
,,,marcus,50
,,,literide,0
,,,N1GGA,0
,,,enemnu,0
,,,Kulibin,50
,,,Oxygen,0
,,,BaraGunda,0
,,,surof1n,0
,,,idofof,0
178,b01lers,413,,
,,,b01lers,413
179,Martial_Law_Enforcer,413,,
,,,Martial_Law_Enforcer,413
180,–ö–∞–ø–∏–±–∞—Ä—ãCTF,413,,
,,,CapybarasCTF,413
181,Âõæ‰π¶È¶Ü‰∫îÊ•ºÈ£éÂæàÂ§ß,413,,
,,,k1sme4,413
182,acdwas,404,,
,,,acdwas,404
183,WeAre,404,,
,,,wxx,404
184,r3d4c73d,403,,
,,,Sefein,403
185,NEURAL NAVIGATORS,403,,
,,,syntaxerror,0
,,,VIJAYAN2004,0
,,,Amirth24,0
,,,Aravind S,353
,,,Sketch_18,50
,,,AshikJenly,0
186,Bombastic Boys,400,,
,,,Strife,200
,,,GuPP,200
187,keva,400,,
,,,g3trektt,0
,,,hazin,0
,,,caine,0
,,,qeckl,0
,,,Blender,0
,,,reneget_,100
,,,Ctranikinn,300
188,shtruls,398,,
,,,chample,398
189,Anencephalous,398,,
,,,holy_umm,398
190,Siuuuuuuu,398,,
,,,koshie,398
191,5yn0us14,395,,
,,,pingpwn,395
192,MCS,381,,
,,,Civiled,316
,,,nifloyd,65
193,siMƒ∞Tciler,378,,
,,,Bridger,165
,,,nyarlathotep,213
,,,marksmandantus,0
194,amyglan,373,,
,,,amyglan,373
195,R41N1SM,372,,
,,,Hoon,322
,,,salad,50
,,,Bogus,0
196,N2L,372,,
,,,chillguy,0
,,,Dicxx,115
,,,threat hunter,0
,,,deffreus,50
,,,hyl,0
,,,Goodfellow,207
197,charlie +rwx /mshp/team,368,,
,,,sudor,0
,,,zaifal,165
,,,/sys/class/users/null,50
,,,Svetogor,153
198,0xWinz,365,,
,,,0xWinz,365
199,sicada,365,,
,,,kingpinzz,365
200,Meoverflow,365,,
,,,Isis,100
,,,Spyranto0,0
,,,An0nymoX,200
,,,Neoreo,65
,,,Z3FYR,0
201,T.U.S.K,365,,
,,,0xcafebabe,100
,,,pphreak_1001,265
,,,sxarlett,0
,,,shr333,0
202,mirrorsDecrypted,365,,
,,,Dcharm,250
,,,misterxcrypt,115
,,,0xp4tcher,0
,,,CipherSage,0
203,c0nrad,363,,
,,,c0nrad,363
204,0d331d4c2b067ccf691cb1ce0422d883,363,,
,,,0d331d4c2b067ccf691cb1ce0422d883,363
205,tc,363,,
,,,tc,363
206,Iron Bamboo,363,,
,,,Pr0pylTh10ur4C1L,363
207,Kornpong_citc,363,,
,,,Kornpong_citc,363
208,SQLi Enjoyer,353,,
,,,Crepyy_killer78,353
209,siark,353,,
,,,siark,353
210,TuxPwners,328,,
,,,h0t,0
,,,acaard,0
,,,h05am10,163
,,,FakeLaw,165
,,,Oneko,0
211,GGDOTCOM,328,,
,,,lyx,213
,,,PathFinder,115
,,,livavavia,0
212,ICE,328,,
,,,LipJiq,50
,,,ùêíùê≠‚ú∞ùê´ùê†ùê¢ùê´ùê•,50
,,,0u715,0
,,,mist4k3n,0
,,,momtoldmetojoin,0
,,,cicakberlari,0
,,,k3t@ppr@k,0
,,,hihihihihi,65
,,,arifpeycal,163
,,,4MAranthS0L,0
,,,iandarwisy,0
213,SelfBuiltTrash,318,,
,,,JamesBCyber,318
214,thejuggler,315,,
,,,thejuggler35,0
,,,AirCrack,100
,,,xt23m32,215
,,,404_404,0
215,zeqzoq,315,,
,,,zeqzoq,315
216,Cyb3rPr1s0n,313,,
,,,Sp4c3K,213
,,,bawc,0
,,,perrito,50
,,,gn01gnad,0
,,,lmaolmao,50
217,g√†_r·ª´ng,313,,
,,,DuyDT25,313
218,D.O.T,313,,
,,,factoreal,0
,,,eltrix,313
,,,sha3.9,0
219,porrettenbande,313,,
,,,fenlya,50
,,,omikron,0
,,,Saentis,263
220,Dotrongtam4321@gmail.com,313,,
,,,test123,313
221,fsoci4ty,313,,
,,,PredatorMonarch,313
222,Corax,310,,
,,,Scalpel,0
,,,Shirajuki,310
,,,bummie,0
,,,aaeld,0
223,CYberMouflons,307,,
,,,CYberMouflons,307
224,dfoo,307,,
,,,dfoo,307
225,Cyber Billikens,307,,
,,,B4k3rY,0
,,,chinnu,0
,,,Cynthia,0
,,,kvvsp,0
,,,EswarV,0
,,,abbeyCyber,0
,,,A$er99,207
,,,Crypt0,100
226,SCSU Lone Husky,307,,
,,,RStearns,307
227,ABU,303,,
,,,AbdulMoiz,303
,,,tehrem,0
,,,Rahmz,0
,,,UsmanPrime,0
228,C1ph3r-Sh4d0w5,303,,
,,,Black-hat,100
,,,t4ab1s0_21,0
,,,L3t5@p0,153
,,,6060r3,0
,,,line-0,0
,,,d07z3r0,50
229,211/212,303,,
,,,Sayhello135779,0
,,,ngthanh2818,0
,,,nghiawwctf1705,253
,,,vietphuc1608,0
,,,shiba,0
,,,shoba,50
230,linganguli guli guli,302,,
,,,tipsen,95
,,,ryuun1corn,207
231,vastzero,300,,
,,,vastzero,300
232,Fr33d0mM@n,300,,
,,,freedomman,150
,,,te3z,0
,,,n4mn1n6,150
233,andser612345,274,,
,,,andser612345,274
234,Seeking Alpha,265,,
,,,Seeking Alpha,265
235,Los Calepinos,263,,
,,,Andrea,213
,,,whitek,50
,,,yephewill,0
,,,pwn08,0
236,305,263,,
,,,waduh,0
,,,MatPwnguin,263
,,,xaccel,0
,,,Aspirereborn,0
237,fedteam@mtu,263,,
,,,rcklemm,263
,,,aelacost,0
238,hacker_mu_kepi,263,,
,,,nhuhung37,263
239,C1PHN3X,263,,
,,,Alex,50
,,,Kushal_sm,163
,,,Hemanth Kumar C S,50
240,Fdxbrghax,257,,
,,,Bpst3v3,257
241,TurlteHat,253,,
,,,Pinagoga,253
242,R Team,253,,
,,,Ranosura,253
243,1nf1n1ty_recruits,253,,
,,,4rc4ng3l,253
,,,dan,0
,,,S1l3nt_V1ru5,0
,,,C1ph3r,0
,,,trojan,0
,,,Wariwari,0
244,Sea~,253,,
,,,Relster,253
245,HashedBrown,250,,
,,,ELchippyChips,250
246,NULL%00BYTE,250,,
,,,yousef mosaed,0
,,,Mowagdy,0
,,,Mahmoud_Ali,200
,,,oxmed,50
247,FLOS,250,,
,,,Buuzing_bee,100
,,,bumblebee,0
,,,muskan571,150
,,,avisha19,0
248,kirmene ja3bassa,250,,
,,,kirmene,150
,,,Gabovix,50
,,,Amen Bidani,0
,,,spike,50
249,VictoriaSecret,250,,
,,,bulattim,150
,,,RufusRios,0
,,,Yaji,100
,,,Overlay,0
250,n00b/s,250,,
,,,dev0507,150
,,,S4mS,100
251,0xG04,250,,
,,,0xGroot,50
,,,Vishastra,50
,,,Sahil,150
,,,VinayM108,0
252,f!4g.inj3c70r,250,,
,,,xzhiyouu,200
,,,ytseiung,50
,,,Zeng_Eric,0
253,ABOBIL Team 2,250,,
,,,B3k5ult0n,200
,,,greatmaster,50
,,,Luk,0
254,Hackers & Shellzinhas,250,,
,,,b0gas,0
,,,Lucas Rebelo,200
,,,TitanHZZ,50
255,Hblr Solo,245,,
,,,hblr,245
256,pobateam,228,,
,,,davezero86,228
257,Qryptonyx,228,,
,,,seanqr,228
258,dpl_pwn,228,,
,,,dplastico,228
259,aaazzz,228,,
,,,wq0x00,228
260,sam.ninja,215,,
,,,sam.ninja,215
261,bmcyver,215,,
,,,bmcyver,215
262,ÿπÿßŸáÿßÿ™ ÿßŸÑÿ®ÿπÿ´,215,,
,,,b4n4n4s,100
,,,windows47,50
,,,ObaidaNa,65
,,,Abo_alzeek,0
263,Catalyst,215,,
,,,RasnomDark,215
,,,BetterLuckNextLife,0
,,,AbsoluteZer0,0
,,,GRitger,0
264,Turing Nessus,215,,
,,,BlackAngel,215
,,,marius94,0
265,UCC[0],215,,
,,,freebee,150
,,,nagn,0
,,,taqsoimh,65
,,,emyeuaoloi,0
266,Digital Vortex,215,,
,,,0xhikal,0
,,,Ahmed Emad,0
,,,Habiba Mohamed,0
,,,0xmaro,100
,,,Azzaa,0
,,,Menna Atteya,0
,,,Omnia,0
,,,0xTemoz,0
,,,Hager1,0
,,,0X_RAVEN_X86,0
,,,ahmedgharib0,0
,,,khaled_elnabet,0
,,,AbdlekaderJR,0
,,,Muhammed77,0
,,,Malak,0
,,,Ahmed Sayed,0
,,,h0xw3l,0
,,,Pipo,0
,,,ymuu,115
,,,diablo_0_,0
,,,sector,0
,,,princeofguilty,0
,,,AhmedSalah,0
267,zazlippers,215,,
,,,Mu;men,215
,,,SINDBAD,0
,,,sh,0
,,,Sue,0
268,Astra,215,,
,,,tikku,150
,,,kaizoku,65
269,_Solo Leveling_,215,,
,,,Supto69,215
270,phantomhotel,215,,
,,,Gluteusmaximus,0
,,,phantomlake2024,165
,,,Hackify,50
271,Ech0Ech0,207,,
,,,exfiltrate,207
272,Hacktoria,207,,
,,,Callred,0
,,,b3lph,207
,,,7069wrk,0
,,,evilsun,0
273,silly_goobers,207,,
,,,at5076,207
,,,azw7225,0
,,,fas6488,0
274,Sevgillim,203,,
,,,Sevgillim,203
275,trewq,203,,
,,,robertowen,203
276,Kukko ja Paalit,200,,
,,,4v1l0n4,200
277,YuriEnjoyers,200,,
,,,moonsolo,200
278,bodoh backdoor,200,,
,,,airuynn,200
,,,raynous,0
279,KaPpi,200,,
,,,Alpha_v12,150
,,,prf_disrspkt25,0
,,,Abhinav Dileep,50
280,Madwanzi.,200,,
,,,Tux.,0
,,,EddX,150
,,,m3@tb0x,50
,,,Kitana,0
281,Deadline Crusher,200,,
,,,KucingC0m3l,0
,,,KucingGarang,200
282,buf!3rBr34ch3rS,200,,
,,,m11r4cl3,0
,,,lunalolxd,200
283,The Hacktivists,200,,
,,,theh4ckt1v15t,50
,,,rawrshneay,150
,,,BALA,0
,,,Randomale,0
284,Mobs,195,,
,,,Paletka,195
,,,traiTorsan,0
,,,m1k2,0
285,0sc4r1n,195,,
,,,Quy13042006,50
,,,dauphu1910,95
,,,namdang,50
286,level_Zero,195,,
,,,Nolawz,195
287,CyberUnit,165,,
,,,r3,50
,,,skalvin,0
,,,Zer0Gr2vity,115
288,Team-23,165,,
,,,Kaptan,165
289,CasperX,165,,
,,,H1dden,65
,,,Zeref,50
,,,hehe_11,0
,,,Shadow_Cifrin,50
290,HAIDAR,165,,
,,,HAIDAR,165
291,F$0CI3TY,165,,
,,,rohith,165
,,,Dusty,0
,,,mornlucifer39,0
292,team_hiran,165,,
,,,lawrencebishnoi,165
293,unknownsquad,165,,
,,,unknownsquad,165
294,Pr0b1em,165,,
,,,Pr0b1em,165
295,Squeent,165,,
,,,Kolya080808,165
,,,Kuzya_Kotav,0
,,,eogod,0
296,wowzactf,165,,
,,,Kyokito,165
,,,Bunny111,0
297,touch grass,165,,
,,,GameIsOn,0
,,,Stackira,50
,,,kiMta,115
298,Z3r0l0g0n,165,,
,,,s4f3s4f4r1,0
,,,purb03ragnarok,165
299,c0d3_r3d,165,,
,,,Rishi-594,165
300,to_phre,165,,
,,,Kapodistriako,50
,,,pokemonfan123,115
301,Phish Hat Hackers,165,,
,,,read-e,165
302,DebugUs,165,,
,,,Anastasia,50
,,,Vmayss,115
,,,eBlank,0
,,,Zhuvedra,0
,,,Eraminel01,0
303,cs4d,165,,
,,,khani,0
,,,r1rand,50
,,,Funf1ryk,115
304,mclovin,165,,
,,,mclovin,165
305,Attack On Hash Function,165,,
,,,ashwin7077,165
306,UACSec,165,,
,,,Zwique,165
307,tsuimak2,165,,
,,,ZuanAce,165
,,,Viccccz,0
,,,NingKang,0
308,Team-A2,163,,
,,,root-a2,163
,,,loki,0
309,zefzef,163,,
,,,babibel,163
310,Myserk,163,,
,,,Myserk,163
311,7MNT,153,,
,,,kuhmaster,153
,,,lessNess,0
,,,serserser,0
312,chill guys,150,,
,,,ruylopez,150
313,No module name,150,,
,,,Jaslayer,150
314,samiksha,150,,
,,,samiksha,150
315,YMD,150,,
,,,YMD,150
316,babyWhois,150,,
,,,n4mchun,150
317,snowcat,150,,
,,,meow,0
,,,millet,150
318,SafeCat,150,,
,,,happysmile,50
,,,js,100
,,,gomapta,0
,,,f10w3r,0
319,R007 R3C0N,150,,
,,,userdenied10001,100
,,,F4bDc0d3s,0
,,,lUcgryy,50
,,,solitude,0
320,Wesserboy,150,,
,,,wesserboy,150
,,,Jacje,0
321,Filaha,150,,
,,,Filaha,100
,,,Abdelmoumen,0
,,,0utc4st,50
322,exe_xexexxe,150,,
,,,peeepaw,100
,,,deller,50
,,,MulenokSA,0
,,,FreeeWeee,0
323,H0ney B4dg3rs,150,,
,,,Jouu,150
324,Digital defenders,150,,
,,,suhayb2030,150
325,CYBERUS 3.0,150,,
,,,AN1S,150
326,1n5h4ll4h,150,,
,,,not_your_type,150
327,what321,150,,
,,,potarai,150
328,k84775968@gmail.com,150,,
,,,k84775968@,150
329,Googlelai,150,,
,,,Googlelai,150
330,Pr0t3ct0rs,150,,
,,,sho3la0x01,150
331,gLaR3g3x,150,,
,,,MaxMnMl,50
,,,insgad5,100
,,,topklean,0
332,griff,150,,
,,,griff,150
333,W1TCH3RS,150,,
,,,Alien,150
,,,Bynawers,0
334,hihi,150,,
,,,djlk,150
335,codeblasters,150,,
,,,arjunr24,0
,,,marvelpokemaster,150
,,,Sidhu-985,0
,,,l11c1f3r,0
336,S4CTeam,150,,
,,,marzhanoiid,150
337,NSS,150,,
,,,NSS,150
338,The H3x0r,150,,
,,,H1tM4n,150
,,,kiran acharya,0
,,,Exterinat0r,0
339,Noor572,150,,
,,,Noor572,150
340,lEg3nDz_n3V3r_d!3,150,,
,,,Almy5tro,0
,,,raven,50
,,,ÿ¨ÿßŸÉŸÖ ÿ¨ÿßŸÉŸÖ,0
,,,katana,100
341,0range50c,150,,
,,,Utk,150
,,,Jarvis0.7,0
342,Rounding Error,145,,
,,,smiley,145
,,,shafou,0
343,simp,145,,
,,,simp,145
344,F14GThi3f,115,,
,,,g0ubu1i,115
345,manNoboy,115,,
,,,ladygaga,115
,,,Xpl,0
346,tetepa,115,,
,,,tetepa7860,115
347,ytjhrtj,115,,
,,,qweasdzxc,115
348,H4CK_077,115,,
,,,L0n3_W0lf,115
349,Vilgax,115,,
,,,Vilgax,115
350,Ex0rcists,115,,
,,,K4R7H1K,115
351,BackMoon,115,,
,,,BackMoon,115
352,batarya,115,,
,,,joker,115
353,cartoone's team,115,,
,,,cartoone,115
354,what,115,,
,,,what,115
355,lost3er,115,,
,,,lost3er,115
356,rootpwn_,115,,
,,,cris24dc,115
357,Raptors,115,,
,,,mulattohat,115
358,Hor1zon,115,,
,,,Hor1zon,115
359,XXaa,115,,
,,,xxaa,115
360,fzhshzh,115,,
,,,fzhshzh,115
361,Fachfouch,115,,
,,,Ahmed_00,0
,,,t0unsi,0
,,,neetrox,65
,,,lFachFouch LKbir,0
,,,Keeviiin!!,50
362,check1n,115,,
,,,check1n,115
363,lone124wolf@gmail.com,100,,
,,,Predator#01,100
364,Êàë‰ªñÂ¶à‰∏çÁü•ÈÅì,100,,
,,,rasmus3650,50
,,,Rune2112,50
365,GLADIATORS,100,,
,,,Predator#54,100
366,red_panda43,100,,
,,,Swan2341,100
367,Stellar Thieves,100,,
,,,hadakoi,50
,,,Roonil03,50
,,,Kiri,0
368,r,100,,
,,,Ajay,50
,,,hkm,50
,,,port_twister,0
369,Glow in the Dark Gang,100,,
,,,gravedweller,100
370,Cyber_Trace,100,,
,,,sebtixd,50
,,,Kimo,0
,,,Deadnaut,50
371,owl,100,,
,,,kielvv,100
372,ay0,100,,
,,,ay0,100
373,Q3CTF,100,,
,,,cola,0
,,,kianb,0
,,,jae03,100
,,,Second-120,0
,,,tiki,0
374,HadesHavoc,100,,
,,,Maya,100
375,exDeviants,100,,
,,,H3NRY B41T,50
,,,DobbySan,50
376,Tinfoil Hats,100,,
,,,Tinfoil,100
377,Macker,100,,
,,,hemraj9849,100
,,,glitch2112,0
378,Just For The Questions,100,,
,,,Just For The Questions,100
379,B33F 50UP - CX330,100,,
,,,CX330,100
380,tes,100,,
,,,tes,100
381,Octagram,100,,
,,,Nix,0
,,,Mr.reex,0
,,,Orbis,100
382,csiongn,100,,
,,,csiongn,100
383,CyberOwl,100,,
,,,hombing,100
,,,indah_LTF,0
,,,rajdoll,0
384,KRL,100,,
,,,KRL,100
385,x71n3,100,,
,,,Tinonymous,100
386,Rop Runners,100,,
,,,dvanin,100
387,Blahland,100,,
,,,inst1gator,100
388,C00F,100,,
,,,M0n4rch,100
389,NHIE,100,,
,,,Cyph3rWa1t,100
390,gl1tcHhunter,100,,
,,,gl1tcHhunter,100
391,DaVinciCode,100,,
,,,Paracetamole,0
,,,Tortou1e,0
,,,TPautras,0
,,,N04H,100
392,Th4nos_H4ckers,100,,
,,,bumbd,0
,,,alieron,50
,,,JunHao,50
393,SpellBreaker,100,,
,,,Nikitha6427,50
,,,YogeshEliteHacker,0
,,,reshmaalagesan,0
,,,Nila__007,0
,,,HotWater,50
,,,vrithishree,0
,,,CyberTrace,0
394,Team_Sharks,100,,
,,,TM_47,100
395,vegetable,100,,
,,,xjw233,100
396,sayonara,100,,
,,,Nagi,50
,,,„ÉÅ„É£„É©,50
,,,Shion1305,0
397,SAIF,100,,
,,,saifaboalnaga,100
398,r1muru,100,,
,,,r1muru,100
399,Z3R0_D4YZ,100,,
,,,0xmohomiester,100
400,ERROR404,100,,
,,,ERROR404,100
401,nuts:(,100,,
,,,nuts:(,100
402,srujan,100,,
,,,marius_94,100
403,hahaha,100,,
,,,Jamil,100
404,no0bie,100,,
,,,no0bie,100
405,Majino,100,,
,,,Majino,100
406,Pookie Bears,100,,
,,,xtasyyy,100
407,k0kos,100,,
,,,k0kos,100
408,OSAM_z3r0day,100,,
,,,R3D_4LPH4,0
,,,Delta Red,0
,,,r3d_dr4g0n,0
,,,Gama_20,0
,,,Devil@32,50
,,,Sabbirfr09,0
,,,Khaici_tore,50
409,Neuillax,100,,
,,,Kingsman,100
,,,ethicxz,0
410,JoJoBaOil,100,,
,,,michiboo,100
,,,bigj,0
411,sl0w,100,,
,,,sl0wguy,100
412,46 52,100,,
,,,xeero,100
413,5p0r7,100,,
,,,M0dulu5,100
414,0xAuPing,100,,
,,,agspades,100
,,,suryatk,0
415,Shadowstorm Syndicate,100,,
,,,m1cu63,100
416,nubz,100,,
,,,tonesz,100
417,Zealot Compass,100,,
,,,8RIGHT,100
418,tree,100,,
,,,tree,100
419,R00txR0N1N5,100,,
,,,Maver1ck,50
,,,Babullay,50
420,/mnt/ain,100,,
,,,cfi2017,100
421,black_shadow,100,,
,,,black_shadow,100
422,C7r1-417-31337,100,,
,,,g0os3,100
423,Diollaftw,100,,
,,,diolla,100
424,Seguran√ßas do BA,100,,
,,,Furyx86,50
,,,lemon,0
,,,JKill,0
,,,erit_nox,50
425,Binary Bandits,100,,
,,,koya,50
,,,B_JR,50
426,WhereScissorsAt,100,,
,,,WhereScissorsAt,100
427,BÃÇ,100,,
,,,dharneegan,100
428,BabyKeem,100,,
,,,PancakeSS,100
,,,cupcakeslover25,0
,,,CILcyber,0
429,hengker gacor,100,,
,,,chief18,100
430,WinterWonderland,100,,
,,,ardririy,100
431,The Viet Ronin,100,,
,,,thevietronin,100
432,Frou5 Li tnaguez,100,,
,,,Zyyzüî±,100
433,n0ir,100,,
,,,n0ir,100
434,UnderDog,100,,
,,,Nikkhesh,50
,,,eyeman,50
435,felis_sylvestris,100,,
,,,Freyrae,100
,,,chimgger,0
436,VCubed,100,,
,,,debug01,100
437,ctfrrteam,100,,
,,,mbukuzdulu,100
438,monkee,100,,
,,,kertthewert,100
439,RU3T_Brain_interceptor,100,,
,,,64L18,100
440,H__GM_NG_M_,100,,
,,,llu_ull,100
,,,Simseng,0
441,hufflepuff,100,,
,,,hufflepuff,100
442,capybaras,100,,
,,,capybara,100
443,brbtrefika,100,,
,,,haxolotl,100
,,,Superminaren,0
,,,panko,0
444,BoPo,95,,
,,,BoPo,95
445,cck,95,,
,,,cck,95
446,1234,95,,
,,,IamAlch3mist,95
447,Wowza888,65,,
,,,chicken0248,65
448,noob,65,,
,,,free,65
,,,iki,0
449,PracticeTeam,50,,
,,,PracticeUser,50
450,Klepon,50,,
,,,ztz was ????,50
451,chipich4p4,50,,
,,,5u1tan,50
,,,swashersh,0
,,,aseke,0
452,Lonely_Flooc,50,,
,,,FLooc,50
453,syntax404,50,,
,,,Lucifer,50
,,,diptanshujagade11,0
454,DIT Security Team,50,,
,,,dwish24,0
,,,ManosPK,50
455,Cryptoprepper,50,,
,,,Cryptoprepper,50
456,flag{X_MistriBoi_X},50,,
,,,0xmistri,50
457,R00T U53RS,50,,
,,,Z3RO_O,0
,,,D4RK_S7AR,0
,,,CYB3RFY,50
,,,Ijoinedbymistake,0
458,FHD_5,50,,
,,,FHD_5,50
459,The Few Chosen,50,,
,,,The Few Chosen,50
460,hh_squad,50,,
,,,imadxt,50
,,,Sn4keEy3s,0
,,,sefa7,0
,,,Bughunter01,0
461,ZFG,50,,
,,,MelonPan,50
,,,QuickWaffle19,0
,,,Naru,0
,,,matrep,0
462,Florian,50,,
,,,Florian,50
463,hhh,50,,
,,,high,50
464,S4yG3ch,50,,
,,,saygech,50
465,KINGofTHEhell,50,,
,,,adihacks,50
466,G3D3Rs,50,,
,,,Charmer,50
467,Team Krabath,50,,
,,,krabath,50
468,Div,50,,
,,,Div_Ag,50
469,tn_s3c,50,,
,,,M4n07,50
470,babyyoda,50,,
,,,Jerrell,0
,,,sherlock,50
471,El Musketeers ezouz,50,,
,,,evilsamirloussif,50
,,,h1dr1,0
472,labupump,50,,
,,,labu,50
473,L0r,50,,
,,,retrymp3,50
474,TieHelgNova,50,,
,,,TieHelgNova,50
475,Cupra_CTF,50,,
,,,voldere,50
476,Amnesia,50,,
,,,Amnesia,50
477,hack_to_win,50,,
,,,kaaTil,50
478,_k1w1,50,,
,,,_k1w1,50
479,5p4c3 C415,50,,
,,,yajog,50
480,Team Prism,50,,
,,,pranay_nidhi,0
,,,Clay69,50
,,,glutto.n,0
481,H7H,50,,
,,,Hamoodeh,50
482,CJs,50,,
,,,contrix22,50
,,,ursuswh,0
483,The Ashen Rose,50,,
,,,L_Imposture,0
,,,yghyt,0
,,,jalal444,50
484,suzu,50,,
,,,suzu,50
485,Exploit Elite,50,,
,,,Fazal Shaik,50
,,,Bandla Sangeeth,0
,,,Abhiram,0
,,,BongoniDevendarGoud,0
486,Anonymous,50,,
,,,Sanke,50
,,,chiheb,0
487,HackRt,50,,
,,,Stranger,0
,,,Kidhacker45,0
,,,Ojk_05,0
,,,Kartik,50
,,,blackoutxariez,0
488,S0!v3d_By_Luck,50,,
,,,mhuyy,50
,,,Four,0
489,R3GUL4R,50,,
,,,R3GUL4R.P,50
,,,SlejmUr,0
490,CRMA Cyber Club,50,,
,,,mirakiht,50
491,Sbonzi,50,,
,,,M4nu,50
492,CyberAmigos,50,,
,,,snowpirate,50
493,albantor30,50,,
,,,albantor30,50
494,R4V3N,50,,
,,,R4v3ncl4w_P3ngu1n,50
495,elitech,50,,
,,,eli123,50
496,R4nd0m B00l5h33t5 G0,50,,
,,,Reewnat,50
497,annyy,50,,
,,,annyy,0
,,,Tranvy5411,50
498,c4l3p1n0s,50,,
,,,H4r4,50
499,JKKNIU_123,50,,
,,,JKKNIU_123,50
500,0xC0rS_4l0n3,50,,
,,,0xC0r$,50
501,MontyPythons,50,,
,,,Naughtious Maximus,50
502,Party of One,50,,
,,,molsson,50
503,ByteC4ts,50,,
,,,3rg0u,50
504,CyberCellVIIT,50,,
,,,CyberCellVIIT,50
,,,D4N4V,0
,,,PixelPilot,0
,,,_who?,0
,,,soham,0
,,,Alpha Charlie,0
,,,Asur_99,0
505,woaixuexi team,50,,
,,,woaixuexi,50
506,Maze Breakers,50,,
,,,zHydra7,50
507,Alien$irenix,50,,
,,,w1tch,50
508,Broken,50,,
,,,Aaseem,50
509,ACS Citizens,50,,
,,,NUTTHANON,50
510,Super Hans,50,,
,,,mit,50
511,PandaTryCTF,50,,
,,,pandakewt,50
512,qnaro,50,,
,,,nfhi,50
513,0x486ae472746572536e6172744578,50,,
,,,Chrob,50
,,,rullskridskodisko,0
,,,bengberg,0
514,SSH,50,,
,,,Shad0w_k3y,50
515,CH4S1NG_TH4T_FE3L1NG,50,,
,,,CYB3R_BO1,50
516,0xMikiko,50,,
,,,0xMikiko,50
517,mmct,50,,
,,,mmct,50
518,Pr0xy_byt3s,50,,
,,,Pr0xy_byt3,50
519,MOC'TENE,50,,
,,,d0ok,50
520,sizzler,50,,
,,,sizzler,0
,,,aloo,50
521,rrr55,50,,
,,,dayeon053,50
522,Goon Platoon,50,,
,,,CyberScholar,50
,,,antry3,0
523,Hackuna Matata,50,,
,,,Al-oxos,50
524,Wani Hackase,50,,
,,,Gureisya,50
525,PIece,50,,
,,,Tr1s,50
526,:xD,50,,
,,,:xD,50
527,OneDay,50,,
,,,Do_Xaisana,50
528,dutiteam,50,,
,,,duti,50
529,Naughtydogs,50,,
,,,Puzzledbrain,50
,,,RSAreaper,0
,,,Manav_45,0
,,,FieryPriest,0
530,kvm,50,,
,,,op_ant07,50
531,Hacky Easter,50,,
,,,otaku,50
532,Btala_gaming,50,,
,,,330169,50
533,badger,50,,
,,,badger,50
534,phildragonbleu,50,,
,,,phildragonbleu,50
535,777,50,,
,,,666,50
536,zerothsquad,50,,
,,,blackm4c,0
,,,grumbledorf,50
537,sasa,50,,
,,,mostafa,50
538,Nn_c0mm@nd,50,,
,,,m0xxx,50
,,,Art0,0
539,BSolanki,50,,
,,,bSolanki,50
540,TNSOLO,50,,
,,,KATROU,50
541,10n,50,,
,,,10nf0x,50
542,tyui,50,,
,,,tyui,50
543,Bsissa,50,,
,,,ruyma,50
544,z,50,,
,,,SENSEI-XENUS,50
545,The Sanctuary,50,,
,,,APender,50
,,,Skm,0
546,Eth007,50,,
,,,Eth007,50
547,whadafug,50,,
,,,spm98,50
548,Bla,50,,
,,,HAHA,50
549,C0nakry,50,,
,,,ket752sbah,50
550,holm,50,,
,,,holm,50
551,lone,50,,
,,,M35c41in3,50
552,cybermonk--,50,,
,,,cybermonk,50
553,HIfriend,50,,
,,,HIfriend,50
554,MENGXINLIN,50,,
,,,MENGXINLIN,50
555,South Fayette High School,50,,
,,,monish,50
556,jenusdy,50,,
,,,jenusdy,50
557,En4t1l,50,,
,,,Y4iro,50
558,CodeCrashers,50,,
,,,water009,50
559,Cod3_br@k3r,50,,
,,,Ciph3r_kn1ght5,50
560,hoadz74,50,,
,,,hoadz74,50
,,,Puzp,0
,,,dngvng,0
561,kururu_indivisual,50,,
,,,kururu,50
562,ApacheTerbang,50,,
,,,TekeTeke,50
563,Tulgaaaaaaaaaa,50,,
,,,Tulgaaaa,50
564,Yazhi,50,,
,,,thewachdog,50
565,Kikuri'sbeerpacket,50,,
,,,iwanttosleep,50
566,Codebreakers,50,,
,,,W4r10r,50
567,FireyNacho,50,,
,,,FireyNacho,50
568,<OOO>,50,,
,,,hooya0011,50
569,ÎÉ•ÎÉ•Ïù¥,50,,
,,,nabi,50
,,,dnjsdn020202,0
570,maddyman,50,,
,,,maddyman,50
571,solo,50,,
,,,sync,50
572,SpideyInTheShell,50,,
,,,TanvirTian,50
573,msh,50,,
,,,asdfie,50
,,,msh13-7,0
,,,phinguin,0
574,lbyte,50,,
,,,lbyte,50
575,movira8,50,,
,,,havo,50
576,S.O.A.P,50,,
,,,catmilk,0
,,,dragon,50
577,CyberUnicorn,50,,
,,,blackpeach,50
578,Allen,50,,
,,,Allen,50
579,Flageboys,50,,
,,,mflage,50
580,windowlickers,50,,
,,,windowlicker,50
581,ospfv1,50,,
,,,30um31,50
